Name,Types,Price Level,Rating,Photos
Bulgari Resort Bali,"hotel, wedding_venue, event_venue, lodging",,4.8,"[{'name': 'places/ChIJD3KueOta0i0Rl2LFO5YakuE/photos/AUGGfZkU4gPA9KFHir5xwBEeKSC0vl1dO4mcbcTaWtl-HqN4oO6QxmJ7dghhYtu1IHTFY2o0kJtURj0CFhREVlk0KvHE-NtBPI-syIWVGJ6KNYVz1HfHOAtxSORTzqCBavUuJPxkIdB34EbZLZEW4sdhRfEeqZZMjQYtFe5L', 'widthPx': 480, 'heightPx': 320, 'authorAttributions': [{'displayName': 'Bulgari Resort Bali', 'uri': '//maps.google.com/maps/contrib/114267199791406085148', 'photoUri': '//lh3.googleusercontent.com/a-/ALV-UjVanRQSmqMVt6SZSE_rzj_EW1mdZXa0sjYfiZcHKqYB3FOdByVo=s100-p-k-no-mo'}]}, {'name': 'places/ChIJD3KueOta0i0Rl2LFO5YakuE/photos/AUGGfZmG47rcooddGBC387nzKlM2rsUtQXTFJKomDvOfQyqByQj_h2JG6LLzPlEAyp4FP84NJLynajCxE1ctHVqbHlrnBAJdAbkWTQaUlhTxxrIiJRNIvtI_ftPqD5KZgh6q0Mb6bqkybPvvAs2nge2LhHwO7zu7yDw3_RCv', 'widthPx': 4032, 'heightPx': 3024, 'authorAttributions': [{'displayName': '정프로', 'uri': '//maps.google.com/maps/contrib/105329810253669341105', 'photoUri': '//lh3.googleusercontent.com/a/ACg8ocLUfEEvz8tssW2ACSNKOLxx7x5p6aiVlU-RggHw2mwb3gndWQ=s100-p-k-no-mo'}]}, {'name': 'places/ChIJD3KueOta0i0Rl2LFO5YakuE/photos/AUGGfZltU9O2Cn_CKShC-5DKKmMyJDpG7p4qBIwEJPb7qfdLSCCsejtOpEyzsE7oJQRbOQrc866FfNc_hRBOAn66wQn89cspJem3orurUOPncOVAqmJ2aIym5uu7HM6C3_pOG327k6YIjLn5GnWywWwxRo3iWguUY7SSL2hV', 'widthPx': 3840, 'heightPx': 2560, 'authorAttributions': [{'displayName': 'Roman Sane', 'uri': '//maps.google.com/maps/contrib/117949111247086564763', 'photoUri': '//lh3.googleusercontent.com/a-/ALV-UjUHygqwV3M3B9K0y6nshD2kRpxTJKVK-ss2jFehlp7lYHdR_1A=s100-p-k-no-mo'}]}, {'name': 'places/ChIJD3KueOta0i0Rl2LFO5YakuE/photos/AUGGfZlR87rOYNnaHPUxvrXpHa6FqwBqaiLRJIXgFXJtcWy7zQClszO4W_KgCxlfLXmoAb2GrvEEzGqsSX6JS2DGBu-ys-fkhFJ6uP_rHPLvR8iLMxyuD2HQ961yR-3L5AQmXyEx9Cfxv9BOzZ0NDVcqHfTLHDfs2khcY-1J', 'widthPx': 3024, 'heightPx': 4032, 'authorAttributions': [{'displayName': '정프로', 'uri': '//maps.google.com/maps/contrib/105329810253669341105', 'photoUri': '//lh3.googleusercontent.com/a/ACg8ocLUfEEvz8tssW2ACSNKOLxx7x5p6aiVlU-RggHw2mwb3gndWQ=s100-p-k-no-mo'}]}, {'name': 'places/ChIJD3KueOta0i0Rl2LFO5YakuE/photos/AUGGfZnhdLaM3q4RU8G94DqWXTjn3xufZxdxlqysm9BdcIkVNPooaP5O9NxhpOjSQrmnVfH-WoaVwd7rAFZV6u7oxmBkAf0WwEnAZWq-VUiIIl7afznxWZmoDPBW6g7i9d82BbjX4kzTTm8ozeH5R9S0C7bWbZv3x5wD49rl', 'widthPx': 569, 'heightPx': 320, 'authorAttributions': [{'displayName': 'Bulgari Resort Bali', 'uri': '//maps.google.com/maps/contrib/114267199791406085148', 'photoUri': '//lh3.googleusercontent.com/a-/ALV-UjVanRQSmqMVt6SZSE_rzj_EW1mdZXa0sjYfiZcHKqYB3FOdByVo=s100-p-k-no-mo'}]}, {'name': 'places/ChIJD3KueOta0i0Rl2LFO5YakuE/photos/AUGGfZmDwMg9JtvLEj7s8a1uaxDxEJHHinOkIQ2YayEE3cjjpYiJ5ehudhSrWHHDS3c8CS2nRIgP_iciwXvvV6sGiNOv3NiqyJ5ljbu2xhed85Yfb5IX5TzhyhfYhHFa4sKzXERdwfDc6ZD9-jqnMgcoBXQdTj5lArNuH2_I', 'widthPx': 480, 'heightPx': 320, 'authorAttributions': [{'displayName': 'Bulgari Resort Bali', 'uri': '//maps.google.com/maps/contrib/114267199791406085148', 'photoUri': '//lh3.googleusercontent.com/a-/ALV-UjVanRQSmqMVt6SZSE_rzj_EW1mdZXa0sjYfiZcHKqYB3FOdByVo=s100-p-k-no-mo'}]}, {'name': 'places/ChIJD3KueOta0i0Rl2LFO5YakuE/photos/AUGGfZn-6RK9znVhHEimGk1iF3ZueGFFE90xL3vEYIGGDYvLDrWSsItArCakCTHnytPiwpohVBr-Xu_ekrGj11c8GX1BpYC0ibWRREAFLMJYrAKDF7KrdP3twxSr2v-2QpZ-2YTce0CPYqf6vEXBVxxG_Cv_24u7GuqvKgvW', 'widthPx': 480, 'heightPx': 320, 'authorAttributions': [{'displayName': 'Bulgari Resort Bali', 'uri': '//maps.google.com/maps/contrib/114267199791406085148', 'photoUri': '//lh3.googleusercontent.com/a-/ALV-UjVanRQSmqMVt6SZSE_rzj_EW1mdZXa0sjYfiZcHKqYB3FOdByVo=s100-p-k-no-mo'}]}, {'name': 'places/ChIJD3KueOta0i0Rl2LFO5YakuE/photos/AUGGfZkj_gHNMNS3EN4mSxz6wepGidEHXfSHJDkGWwya_g13Hf3nii2zCiI81jXZLIC3sK3ehynH7B7E9HvtRsOUDxOXN8O9pqCEVxke3RtPYb0I4SWBxbs7zuQxr-4n9AFU8imdLJWf_fg_f75PZcI4dlbbttaMxUn4mljd', 'widthPx': 480, 'heightPx': 320, 'authorAttributions': [{'displayName': 'Bulgari Resort Bali', 'uri': '//maps.google.com/maps/contrib/114267199791406085148', 'photoUri': '//lh3.googleusercontent.com/a-/ALV-UjVanRQSmqMVt6SZSE_rzj_EW1mdZXa0sjYfiZcHKqYB3FOdByVo=s100-p-k-no-mo'}]}, {'name': 'places/ChIJD3KueOta0i0Rl2LFO5YakuE/photos/AUGGfZmoi4MmaxBUuhqpywFZfmxfywkencplFKd-Y6qym6NIOgaWiPXzPvITN47wHChEof_pEgxl6tqhjhk6gXYd9mhORkk_keuZfg2-egjuufdAdVpduJKucS6hGHS6YCyjxZUWeRvqOG8CRNzW1c_JacFddDpcl4GBrEIw', 'widthPx': 480, 'heightPx': 320, 'authorAttributions': [{'displayName': 'Bulgari Resort Bali', 'uri': '//maps.google.com/maps/contrib/114267199791406085148', 'photoUri': '//lh3.googleusercontent.com/a-/ALV-UjVanRQSmqMVt6SZSE_rzj_EW1mdZXa0sjYfiZcHKqYB3FOdByVo=s100-p-k-no-mo'}]}, {'name': 'places/ChIJD3KueOta0i0Rl2LFO5YakuE/photos/AUGGfZkxcwtR7o7eWcz8YY8eRkI4u2bdTwM6p6ijY3RYTtalFPLZikOTzNwtCYbyLUAUqQjZVMmjAw2tw86gUoNiATsYo-2TO6zm_OvIMI4YYuhynPCHF94teIVbwxbGuBfP2Cl6FVwYWkxzrwNDcd190gl5Tkbed_h5f9JI', 'widthPx': 480, 'heightPx': 320, 'authorAttributions': [{'displayName': 'Bulgari Resort Bali', 'uri': '//maps.google.com/maps/contrib/114267199791406085148', 'photoUri': '//lh3.googleusercontent.com/a-/ALV-UjVanRQSmqMVt6SZSE_rzj_EW1mdZXa0sjYfiZcHKqYB3FOdByVo=s100-p-k-no-mo'}]}]"
The Tempekan Heritage,lodging,,4.6,"[{'name': 'places/ChIJ68WLrf1b0i0R8McgZOW9bus/photos/AUGGfZnnc1xVZFC3vfAdSxLGIQdnLFmKVce-RgZekJA8rkV_wfJoHDJq6Qm2eVhw0cd_rk8tMw_q0ZHWq58-6LKPErf4lL5W5EQfLu7ZVnXg7quMVdC4g1MSCBSVbvH7c9QLXNQHb69OLE8OhxGHaTmd95q7DLZv0Q1k0Cs-', 'widthPx': 4608, 'heightPx': 3456, 'authorAttributions': [{'displayName': 'The Tempekan Heritage', 'uri': '//maps.google.com/maps/contrib/115061186757403315567', 'photoUri': '//lh3.googleusercontent.com/a-/ALV-UjUO__vejnKVtD0nBhhHFdMqE4QaaUAInYR0fPeoiHbW-7bkDm8=s100-p-k-no-mo'}]}, {'name': 'places/ChIJ68WLrf1b0i0R8McgZOW9bus/photos/AUGGfZmciW9P5BHAGmRT0r9RYoTcAt1HLz5gN1zBnHgRS9RtuxMajiI4vetYX7MJXAC3qkZNjUcg-fk8cHXHJEj-BMHHp11ghQjYW9_qGXIR1asvXv_s7eoGWy2KFr-sQ6OJWMo3Wc1yHOg_pA3bJbeRFsDE6vbiCLUn1ez9', 'widthPx': 4000, 'heightPx': 3000, 'authorAttributions': [{'displayName': 'The Tempekan Heritage', 'uri': '//maps.google.com/maps/contrib/115061186757403315567', 'photoUri': '//lh3.googleusercontent.com/a-/ALV-UjUO__vejnKVtD0nBhhHFdMqE4QaaUAInYR0fPeoiHbW-7bkDm8=s100-p-k-no-mo'}]}, {'name': 'places/ChIJ68WLrf1b0i0R8McgZOW9bus/photos/AUGGfZm3V92Kfu4AxBA0pgS6KDeAaJl5OQZaI8cjoIcNiKyCGwlgcarOIMpymj4QC1UJBunXzIbVKTtsR3i_kp-GK9d1x22v1J2crcJzp_2dAgDzzxgGgWv2KchGT6M93Kg18RqVZQ8PRjOWJzxTdCQ_eMc2-p7F3evB8qr7', 'widthPx': 4000, 'heightPx': 3000, 'authorAttributions': [{'displayName': 'The Tempekan Heritage', 'uri': '//maps.google.com/maps/contrib/115061186757403315567', 'photoUri': '//lh3.googleusercontent.com/a-/ALV-UjUO__vejnKVtD0nBhhHFdMqE4QaaUAInYR0fPeoiHbW-7bkDm8=s100-p-k-no-mo'}]}, {'name': 'places/ChIJ68WLrf1b0i0R8McgZOW9bus/photos/AUGGfZlC4CqKMztYYVznIp_e3hAdxY0KXcUif0xLDKCoiUx5zldm57WNxGffDismIjbIAUrNtWiaUw0yGOjbLWwXS-B_3P7TdVtXN-Os0VbRzfkUBw65PSRVmTgKkNbLXSWs0z3IvJe_Cv2DNkTE2k47WnnanLnIMzd4axBv', 'widthPx': 4000, 'heightPx': 3000, 'authorAttributions': [{'displayName': 'The Tempekan Heritage', 'uri': '//maps.google.com/maps/contrib/115061186757403315567', 'photoUri': '//lh3.googleusercontent.com/a-/ALV-UjUO__vejnKVtD0nBhhHFdMqE4QaaUAInYR0fPeoiHbW-7bkDm8=s100-p-k-no-mo'}]}, {'name': 'places/ChIJ68WLrf1b0i0R8McgZOW9bus/photos/AUGGfZl0ZFm8SPsMcYcbyWdblYuCaus1FJHHxmTIEuT5hBVl7IIEq4Ob0uiWjTST3-jzovYUwwwSV7y3QtMNnP-a-a8zuMpq7HTeZZRKm0IJM4DlgPGO7WHNh0mk3KidWL5Nu6hIUtGw8g2ogCVPBJ-oHL6LYyp64UZSo_b1', 'widthPx': 4608, 'heightPx': 3456, 'authorAttributions': [{'displayName': 'The Tempekan Heritage', 'uri': '//maps.google.com/maps/contrib/115061186757403315567', 'photoUri': '//lh3.googleusercontent.com/a-/ALV-UjUO__vejnKVtD0nBhhHFdMqE4QaaUAInYR0fPeoiHbW-7bkDm8=s100-p-k-no-mo'}]}, {'name': 'places/ChIJ68WLrf1b0i0R8McgZOW9bus/photos/AUGGfZmrqdRKT5aGSJNvf8s6OcnUZXAp7rlDQC_k_O3tX_qNPoSLqOu2hCknsUeImKnDWtydfelMezRsSEXk5qMZDdZt9Oy-r2e8Jnkva_a71jQnB4NLiulN0AJ5ZbFqJOp26FhD_dwS6Oassnk9cAPHH8w-hsJERBJ5oEBo', 'widthPx': 4000, 'heightPx': 3000, 'authorAttributions': [{'displayName': 'The Tempekan Heritage', 'uri': '//maps.google.com/maps/contrib/115061186757403315567', 'photoUri': '//lh3.googleusercontent.com/a-/ALV-UjUO__vejnKVtD0nBhhHFdMqE4QaaUAInYR0fPeoiHbW-7bkDm8=s100-p-k-no-mo'}]}, {'name': 'places/ChIJ68WLrf1b0i0R8McgZOW9bus/photos/AUGGfZmje3D_uBxGJQnm2acufQLVUt3pEm0x1TfwangAsepk-Tx163IFVIpkX8Xp9u2edwNIk6Oh4h25aexYrsREJSH4NurgN4C-7-jrpsplj8SzyeL87uNSs-KL7E3IGsdUGdOrEFGQGIv96qpAuGFkRuvdwSS19fAm-sEM', 'widthPx': 4608, 'heightPx': 3456, 'authorAttributions': [{'displayName': 'The Tempekan Heritage', 'uri': '//maps.google.com/maps/contrib/115061186757403315567', 'photoUri': '//lh3.googleusercontent.com/a-/ALV-UjUO__vejnKVtD0nBhhHFdMqE4QaaUAInYR0fPeoiHbW-7bkDm8=s100-p-k-no-mo'}]}, {'name': 'places/ChIJ68WLrf1b0i0R8McgZOW9bus/photos/AUGGfZlAPvUJSOaXjVf9e0VBPOiC3sMWJ49i1MCPiP8Nc3quKbZVm7ZmDrgOhMkPs4QJA1JBi31ZkrKzYs63c0dEVOT90_UHwteSIrlXM7o-UaCDomTkLLTC4XLHPo5MH-MNhp6FIcbJ2agyH6468bz6_oYnMXtjywmyLzCh', 'widthPx': 4000, 'heightPx': 3000, 'authorAttributions': [{'displayName': 'The Tempekan Heritage', 'uri': '//maps.google.com/maps/contrib/115061186757403315567', 'photoUri': '//lh3.googleusercontent.com/a-/ALV-UjUO__vejnKVtD0nBhhHFdMqE4QaaUAInYR0fPeoiHbW-7bkDm8=s100-p-k-no-mo'}]}, {'name': 'places/ChIJ68WLrf1b0i0R8McgZOW9bus/photos/AUGGfZm3g8GXdK_gvPObG4-zzeef4JgBIsWo9bo0j6pwjPA0u09kAH0oe0IpZwNyQalrirl3njNNvts_ZYyjRuPokxNClYpzpTY0o_f0atGJvhajvFYsCPTYcdyYXxgNC5kTV3nC7XpYR4hrLnKmzsKUnNB33RwBmQdzf4MT', 'widthPx': 6240, 'heightPx': 4160, 'authorAttributions': [{'displayName': 'The Tempekan Heritage', 'uri': '//maps.google.com/maps/contrib/115061186757403315567', 'photoUri': '//lh3.googleusercontent.com/a-/ALV-UjUO__vejnKVtD0nBhhHFdMqE4QaaUAInYR0fPeoiHbW-7bkDm8=s100-p-k-no-mo'}]}, {'name': 'places/ChIJ68WLrf1b0i0R8McgZOW9bus/photos/AUGGfZmLuYMIEguVJfYwKUOKEiqA4wCH8KcF3ZWcXW6Fr904RiwS-iSGOr4cETAoWsU8d4RVlhKkPemzfIrcmc2Iw_In2YRp7qxOIbXkswtqxafr-w3CdvOZM2Yspth_3BUAxGkEtcjxCv4dQnUuHDy7Y3ZPgoHwn82ybMZ-', 'widthPx': 3648, 'heightPx': 2736, 'authorAttributions': [{'displayName': 'The Tempekan Heritage', 'uri': '//maps.google.com/maps/contrib/115061186757403315567', 'photoUri': '//lh3.googleusercontent.com/a-/ALV-UjUO__vejnKVtD0nBhhHFdMqE4QaaUAInYR0fPeoiHbW-7bkDm8=s100-p-k-no-mo'}]}]"
Brisk Homestay Uluwatu RedPartner,"hotel, lodging",,3.9,"[{'name': 'places/ChIJSQJtgoBb0i0R9ETEQYx9cSo/photos/AUGGfZlN8sWdelUUJCoI64ONiVR2E43LEef7Og7vQ0qdA2HlnAqIpMIgMpADjFIy6iW23qe91hrTgrQ7S6J-3rFfNnHDysfvc_rYAXgpVVQpOnRzbPc5qt3kwJfVvSPins3Rj5CS1WetoX6VrsixvHvsCrPKQJBf_ntzDYG9', 'widthPx': 4050, 'heightPx': 2700, 'authorAttributions': [{'displayName': 'Divanda BukitVista', 'uri': '//maps.google.com/maps/contrib/110899138354012904458', 'photoUri': '//lh3.googleusercontent.com/a-/ALV-UjUJ8N-HHehYUmOaLrff2mLEpN9WpxeLrTOEGXIW3PutoKcD_g1k=s100-p-k-no-mo'}]}, {'name': 'places/ChIJSQJtgoBb0i0R9ETEQYx9cSo/photos/AUGGfZnm6MclAjcStJRPv3qXMGBTx7epSRVKBg20fy4uOqVoJgtKZFCcWjgIUO9YHHpBJPWpdCG2Yi_Du5JVq6OtB7dpYjHKA6GdBIaPRG9_R3QPURxv3kuz9Kplb0GmQxNAG2-vLq566JNe-NofTcAzghRcy4GM2qN1AUHT', 'widthPx': 4050, 'heightPx': 2700, 'authorAttributions': [{'displayName': 'Divanda BukitVista', 'uri': '//maps.google.com/maps/contrib/110899138354012904458', 'photoUri': '//lh3.googleusercontent.com/a-/ALV-UjUJ8N-HHehYUmOaLrff2mLEpN9WpxeLrTOEGXIW3PutoKcD_g1k=s100-p-k-no-mo'}]}, {'name': 'places/ChIJSQJtgoBb0i0R9ETEQYx9cSo/photos/AUGGfZnksXEzOz7zo8DIw31mvys9Vr13yU3simfsAws0UKS_FAZCkTopeGNmTWyCkUMLAPZ4YfFErAKG_XPaS-i4QnCHL4X6CyspjJII8bzgr70nW5j9PQi9EB4OmT7aPrD2phQQvA0YMJYEpULb7nlTVOPOAUKjZnlGCf2R', 'widthPx': 4050, 'heightPx': 2700, 'authorAttributions': [{'displayName': 'Divanda BukitVista', 'uri': '//maps.google.com/maps/contrib/110899138354012904458', 'photoUri': '//lh3.googleusercontent.com/a-/ALV-UjUJ8N-HHehYUmOaLrff2mLEpN9WpxeLrTOEGXIW3PutoKcD_g1k=s100-p-k-no-mo'}]}, {'name': 'places/ChIJSQJtgoBb0i0R9ETEQYx9cSo/photos/AUGGfZkpvCzoQOUBzntc4ZjbEQeJw81XRhHEYfp-fWPkzjRb08pfmCBaLXoyrzO1c1uNu3T4LIy4Mqs35EG5KrBXgIbN5_YELL4EtUAR7qis-fvAwQsgQxripdSr_b3g4AjwizjDCvtvUixpOuorYzEXgGzuLJorL8iFrW8L', 'widthPx': 4050, 'heightPx': 2700, 'authorAttributions': [{'displayName': 'Divanda BukitVista', 'uri': '//maps.google.com/maps/contrib/110899138354012904458', 'photoUri': '//lh3.googleusercontent.com/a-/ALV-UjUJ8N-HHehYUmOaLrff2mLEpN9WpxeLrTOEGXIW3PutoKcD_g1k=s100-p-k-no-mo'}]}, {'name': 'places/ChIJSQJtgoBb0i0R9ETEQYx9cSo/photos/AUGGfZlviCmT1R2NtGmZ5K9TnrXbvZhKlveVJDuSV_oj2L8qI-JID2BoNPUWk-jiy65CTP-NSvDJnLkWpx3IcujXh5eC5lt5YOC9uO7RoLL4xKzO4uUHRTdB_3dJ9azi21updjrGWnuly99p5K_yIF9sPggQDKjTajJ0qmjy', 'widthPx': 768, 'heightPx': 1024, 'authorAttributions': [{'displayName': 'marta gascón', 'uri': '//maps.google.com/maps/contrib/115382597451764616812', 'photoUri': '//lh3.googleusercontent.com/a/ACg8ocJbKXcSLRbZcr0LMdnwxgKRhrJ9Aj6xgzGbQ183fv9onsffPw=s100-p-k-no-mo'}]}, {'name': 'places/ChIJSQJtgoBb0i0R9ETEQYx9cSo/photos/AUGGfZlsIGEkXmq69t-p4s4AsJ5QN5RG7cguLUAX5hRfKfQPXG14v9phUVEXbjF-olt6NxodAs9e9ta7thzwMfOKkVYKoOzfCRe736avTW0Ruy3By9kMYTUKa2jc1PSdAag2GmYa9IGgbuYgzFdah47xVDIyekalPH83X0AG', 'widthPx': 4050, 'heightPx': 2700, 'authorAttributions': [{'displayName': 'Divanda BukitVista', 'uri': '//maps.google.com/maps/contrib/110899138354012904458', 'photoUri': '//lh3.googleusercontent.com/a-/ALV-UjUJ8N-HHehYUmOaLrff2mLEpN9WpxeLrTOEGXIW3PutoKcD_g1k=s100-p-k-no-mo'}]}, {'name': 'places/ChIJSQJtgoBb0i0R9ETEQYx9cSo/photos/AUGGfZn7LzlylepIN_zfl1IVMmMtTiduerMzkQZpLGK4Y3icDKUIph4ahjTLjn98eL16NVAKeBsaQ95RmTarA8trQhTR54IFLQ8f2sY0yelmVkM4Ua1auY81PS29Fj4oY3rv18o3iR2FrZK6TNb_91CW869FSMJ3UPidMoE8', 'widthPx': 3024, 'heightPx': 4032, 'authorAttributions': [{'displayName': 'Aiva Mawarda', 'uri': '//maps.google.com/maps/contrib/109755585836370556676', 'photoUri': '//lh3.googleusercontent.com/a-/ALV-UjWBob1xJysD6TkixClWsKQLP6IY4krbSeW4p0ailCYLsBfuex5fIw=s100-p-k-no-mo'}]}, {'name': 'places/ChIJSQJtgoBb0i0R9ETEQYx9cSo/photos/AUGGfZlcrQtontVyBBFjM6_d6cTzTG3YsqJjMfVoVvAuov6Vh_pzZ-1U3bVqsBiNuHoo5_A2kgqEruHxPQHLgN-cJ9ClKlaAhJOtLe7l7kpKl3PuqQ0JBD2yl5ObeYCNjJTNk5cJgdmUCWw9U0980YG-b9K6IAlm6KX0nh0r', 'widthPx': 4050, 'heightPx': 2700, 'authorAttributions': [{'displayName': 'Divanda BukitVista', 'uri': '//maps.google.com/maps/contrib/110899138354012904458', 'photoUri': '//lh3.googleusercontent.com/a-/ALV-UjUJ8N-HHehYUmOaLrff2mLEpN9WpxeLrTOEGXIW3PutoKcD_g1k=s100-p-k-no-mo'}]}, {'name': 'places/ChIJSQJtgoBb0i0R9ETEQYx9cSo/photos/AUGGfZkbobIOR9s9PujE96B0ztu5nNA3tSPhlMDXPR-sVDMZeBvj-mnlJwdYXq4bcxRvamFhJtSwdJrXkcobn_oTHLgHqPD8oFXwbmApPsj7IMN0NchkZa2TPk5w3-iJK2VgIMB-Xh6X0g446ubqo1yhSJw2LcUO82vahxLm', 'widthPx': 3024, 'heightPx': 4032, 'authorAttributions': [{'displayName': 'Aiva Mawarda', 'uri': '//maps.google.com/maps/contrib/109755585836370556676', 'photoUri': '//lh3.googleusercontent.com/a-/ALV-UjWBob1xJysD6TkixClWsKQLP6IY4krbSeW4p0ailCYLsBfuex5fIw=s100-p-k-no-mo'}]}, {'name': 'places/ChIJSQJtgoBb0i0R9ETEQYx9cSo/photos/AUGGfZk97GVE1Jc4t3g7ItItEUcJSw1qvPnJkJw66jh9chZRM_S-FYOba8Uyd9rMaFWiQd0MPnr_oOBgvxR9LFNhsfF_nkv6VUo3-CLopl0ccUL-L9sz2aJbgUrAlDgZEixSft7987H7phqWgAA91trlZ7MlNpCGs-coAcCX', 'widthPx': 4050, 'heightPx': 2700, 'authorAttributions': [{'displayName': 'Divanda BukitVista', 'uri': '//maps.google.com/maps/contrib/110899138354012904458', 'photoUri': '//lh3.googleusercontent.com/a-/ALV-UjUJ8N-HHehYUmOaLrff2mLEpN9WpxeLrTOEGXIW3PutoKcD_g1k=s100-p-k-no-mo'}]}]"
AMARANTH,"restaurant, food",,4.6,"[{'name': 'places/ChIJf_-GW4xb0i0RAWLU8VW_ZhM/photos/AUGGfZmW9vPgmxoQxGPRVUuF_MwVodMD0dWYC902fGOBwALDTVNYm2fkkFgq1hpFoK2S5sjFso7apdkt6bOqQICQfuUkYZG3tLVYCSkoaTECwAYSwosZWCcGRgJfgOHt0W-ANdpBvmHtbbU8JA8FfFxWGiF-qnqlhnQg5_5g', 'widthPx': 4608, 'heightPx': 3456, 'authorAttributions': [{'displayName': 'AMARANTH', 'uri': '//maps.google.com/maps/contrib/113620820963560665668', 'photoUri': '//lh3.googleusercontent.com/a-/ALV-UjVe-fFNvD84JWWlTswOxnwhIJgbqvlT_TtcgggKqYcugv5IFrrl=s100-p-k-no-mo'}]}, {'name': 'places/ChIJf_-GW4xb0i0RAWLU8VW_ZhM/photos/AUGGfZnWPp9fR4yDEiuB1L8Nw7WGgmRWnFXhU3NV6D4BG-0Z5CMouf82aXI5mlh5j_NAwV3y_5zThG4JH9OioCs75HS9os-eWcpqJpQk6Ox8YfViQjrVx0QqqQL6JRFL0lxkMOXIIbCjA8fHxxhzumjVDNIIape_NzXPnzO7', 'widthPx': 6240, 'heightPx': 4160, 'authorAttributions': [{'displayName': 'AMARANTH', 'uri': '//maps.google.com/maps/contrib/113620820963560665668', 'photoUri': '//lh3.googleusercontent.com/a-/ALV-UjVe-fFNvD84JWWlTswOxnwhIJgbqvlT_TtcgggKqYcugv5IFrrl=s100-p-k-no-mo'}]}, {'name': 'places/ChIJf_-GW4xb0i0RAWLU8VW_ZhM/photos/AUGGfZnjrqrNkW5I41XdfRhDOszuy7vAfFkmXgupOd5YuWn87MwsEbjIklusORKE4DB_Fv8qulGuF12D-Z4LrfnwFH8AMgTEDTI7V7mZ2fNRwDzeCXxr6KnvzOTGKPtPoeXafhs4nseb7SQULXQk7Sl63K72pB4QMpqO68cx', 'widthPx': 3024, 'heightPx': 4032, 'authorAttributions': [{'displayName': 'Bree D', 'uri': '//maps.google.com/maps/contrib/102273801888661076768', 'photoUri': '//lh3.googleusercontent.com/a-/ALV-UjX4RtreqQRm2PtUT0MEsz7cTOsgZGXe2T6QoR9mUjJQj56TbYA82A=s100-p-k-no-mo'}]}, {'name': 'places/ChIJf_-GW4xb0i0RAWLU8VW_ZhM/photos/AUGGfZkfO0p3lP3uPXTN43ocHIcuV0BRIER35bBZ17TiI2uY9LKLdl6oknYOr6GvkSSkWNmqOHLbqF2u5yaaFCCEcoAseEruL05ycfwOo3roJgCGrm8NP_hy0tuRvcAcH--LBiBaFsF1vXtkt7poAQnU6IjXcFZDPyv2sR8_', 'widthPx': 6240, 'heightPx': 4160, 'authorAttributions': [{'displayName': 'AMARANTH', 'uri': '//maps.google.com/maps/contrib/113620820963560665668', 'photoUri': '//lh3.googleusercontent.com/a-/ALV-UjVe-fFNvD84JWWlTswOxnwhIJgbqvlT_TtcgggKqYcugv5IFrrl=s100-p-k-no-mo'}]}, {'name': 'places/ChIJf_-GW4xb0i0RAWLU8VW_ZhM/photos/AUGGfZlPDcB0CKqAWV1LUlsN0eA8fGwY7nKyvoNWSAKs2MfzjZYcBC2aGyFmRYPmV_xy4X89xBhF7Rt8j2JsnvozLop2D8perZNzPLHZVfrxH-hWmGg_iwrU1qNB8AJoFGgbiigr9AqE977nqmzKYmAgdn2W8CntW-WGFQJC', 'widthPx': 6240, 'heightPx': 4160, 'authorAttributions': [{'displayName': 'AMARANTH', 'uri': '//maps.google.com/maps/contrib/113620820963560665668', 'photoUri': '//lh3.googleusercontent.com/a-/ALV-UjVe-fFNvD84JWWlTswOxnwhIJgbqvlT_TtcgggKqYcugv5IFrrl=s100-p-k-no-mo'}]}, {'name': 'places/ChIJf_-GW4xb0i0RAWLU8VW_ZhM/photos/AUGGfZna5NKstkZjzP6WgKjdWSprec7LZnjgpdqxcd7P1aBy_VG1l6o40wqEs_Ec1v6hqCstI-fISAqMD72C82EttRnxvs7SWoO5gGba-kFe9FAmDwJlUNlbni5eRaPEVy-dhhguYqf3_qSBPgyl1BtO80Y9DeAuz_tYyJQR', 'widthPx': 1920, 'heightPx': 1080, 'authorAttributions': [{'displayName': 'AMARANTH', 'uri': '//maps.google.com/maps/contrib/113620820963560665668', 'photoUri': '//lh3.googleusercontent.com/a-/ALV-UjVe-fFNvD84JWWlTswOxnwhIJgbqvlT_TtcgggKqYcugv5IFrrl=s100-p-k-no-mo'}]}, {'name': 'places/ChIJf_-GW4xb0i0RAWLU8VW_ZhM/photos/AUGGfZm4jiWowibQ8oec18SDxQvpfG9TMirdhEWvVOFAtriBFmD1sq8j-v6Yc00ngdBDumjYq8z-GbPstTtVU9iRbJGwzR43eB4qGmDgCl82iP1r7dF-icpyCyyX5oCmjioUY823px5776j5goanK-mdqjzZE7pRam-0oSTA', 'widthPx': 6240, 'heightPx': 4160, 'authorAttributions': [{'displayName': 'AMARANTH', 'uri': '//maps.google.com/maps/contrib/113620820963560665668', 'photoUri': '//lh3.googleusercontent.com/a-/ALV-UjVe-fFNvD84JWWlTswOxnwhIJgbqvlT_TtcgggKqYcugv5IFrrl=s100-p-k-no-mo'}]}, {'name': 'places/ChIJf_-GW4xb0i0RAWLU8VW_ZhM/photos/AUGGfZmwIijWMt8q0uKElcptzbVoMfiZZysp_JuIX-AW7BGchu39bCUYBxbHobYUdzVzxghgABIcZ9NTpcPdz-eIcpViPLyHVOHvUIG6089HkDh8lQWH0sYUWaYODCvmu_cGS7_XXUKXPxwPN3-8et2XyxFKFRxrdGSI5oBb', 'widthPx': 3468, 'heightPx': 4624, 'authorAttributions': [{'displayName': 'AMARANTH', 'uri': '//maps.google.com/maps/contrib/113620820963560665668', 'photoUri': '//lh3.googleusercontent.com/a-/ALV-UjVe-fFNvD84JWWlTswOxnwhIJgbqvlT_TtcgggKqYcugv5IFrrl=s100-p-k-no-mo'}]}, {'name': 'places/ChIJf_-GW4xb0i0RAWLU8VW_ZhM/photos/AUGGfZmi9tgL9uEFfNfw1UE8zDzdi-QpZsSm2TL35GMvFWUBLY6x2309xBPv9iARCoqMDh1Wt2p0uHAzWS-BXYlvvDj_I7VoO7M1drJqEdS0BKI-NRc46p6X8uFHSbUtcg4uXhhxKlllBN0tqj0rMSrQj-Q6S6MzkYMgCLeN', 'widthPx': 2000, 'heightPx': 1500, 'authorAttributions': [{'displayName': 'AMARANTH', 'uri': '//maps.google.com/maps/contrib/113620820963560665668', 'photoUri': '//lh3.googleusercontent.com/a-/ALV-UjVe-fFNvD84JWWlTswOxnwhIJgbqvlT_TtcgggKqYcugv5IFrrl=s100-p-k-no-mo'}]}, {'name': 'places/ChIJf_-GW4xb0i0RAWLU8VW_ZhM/photos/AUGGfZmmuvjorEiO00wHq9FV351kxG_6POUZVq2J65hwFV28xPYOmu2GpMYdDUwNyjS1tlTxyBQND16FYatpS6RvVXU_T3QHTeaEltjEqFAPLIl0C0kNY48He7Chm9yKzuaCGN5NUXIEdX9amTGN_jcKmCgbGFFF2MTGA-al', 'widthPx': 2000, 'heightPx': 1500, 'authorAttributions': [{'displayName': 'AMARANTH', 'uri': '//maps.google.com/maps/contrib/113620820963560665668', 'photoUri': '//lh3.googleusercontent.com/a-/ALV-UjVe-fFNvD84JWWlTswOxnwhIJgbqvlT_TtcgggKqYcugv5IFrrl=s100-p-k-no-mo'}]}]"
Tanun Homestay,"private_guest_room, lodging",,5,"[{'name': 'places/ChIJg0cYdz9b0i0RFwfWo6-oy9E/photos/AUGGfZn2af5Dwqt48KNJ2YRXRzTdEHOSRr4WhhWWOEbKvGPH6U5xklH38slqNHwPz6z31LObEvUSKyXboSBC_1t4OaQd3tPbKp0ARLIVm_lSi-9RPt6SCN4_2OyWRJS-M_w3qio0xUZykk7ahUjG9hm1UW21sBmCVG3v7Ihl', 'widthPx': 1594, 'heightPx': 1600, 'authorAttributions': [{'displayName': 'Tanun Homestay', 'uri': '//maps.google.com/maps/contrib/114338470199811199037', 'photoUri': '//lh3.googleusercontent.com/a-/ALV-UjVNfd23Ny8zhecFTXZfnEGyUYJA6YvRHULWTNvhLVUYww855_0=s100-p-k-no-mo'}]}, {'name': 'places/ChIJg0cYdz9b0i0RFwfWo6-oy9E/photos/AUGGfZllxpINQsgmFo1m8TPDjPSm8BBa7UbAfKXMV0eDVNUcb1zy5v43fwiy62faBkhmAsRvLBN4CHFwj3KoegSVJq2EAw1b0qn-z64TAJLtsh7Q8lFfNq7eg-SaX7fDkt09RAFmuQWIr0CXiiG6rKJWDPji000ajUUvE6B2', 'widthPx': 1224, 'heightPx': 1600, 'authorAttributions': [{'displayName': 'Tanun Homestay', 'uri': '//maps.google.com/maps/contrib/114338470199811199037', 'photoUri': '//lh3.googleusercontent.com/a-/ALV-UjVNfd23Ny8zhecFTXZfnEGyUYJA6YvRHULWTNvhLVUYww855_0=s100-p-k-no-mo'}]}, {'name': 'places/ChIJg0cYdz9b0i0RFwfWo6-oy9E/photos/AUGGfZmAhkQcbLHKXh-g0vkZofHlM2TaW4a7P8jTG_4CfmnSs84kRMN_cDw7G7thI_PIojzkFx6ZitSpA7_h9B8D5V8zfSqqua-PZpid_uQ178EOxUXvOpqAznDdhJRYkbfpYTf36o5NGD-pK5pfF9GaGCksZYJgFV_5XSpM', 'widthPx': 1284, 'heightPx': 1600, 'authorAttributions': [{'displayName': 'Tanun Homestay', 'uri': '//maps.google.com/maps/contrib/114338470199811199037', 'photoUri': '//lh3.googleusercontent.com/a-/ALV-UjVNfd23Ny8zhecFTXZfnEGyUYJA6YvRHULWTNvhLVUYww855_0=s100-p-k-no-mo'}]}, {'name': 'places/ChIJg0cYdz9b0i0RFwfWo6-oy9E/photos/AUGGfZkm_C95TVY2J8wXb1nyct4OGJeAgjMTyVP50274g8smLpuMcfU0-sRZltqY-UHQrnaYr__6WIc53_Csgwybn6ixCX5R_eHjLfnuqcAundnpPK7s-xRza1Qa0ep6ZKXnOOhe4DRq-eBDhU-2RvTuawRPWGfnTQRD19ml', 'widthPx': 3456, 'heightPx': 4608, 'authorAttributions': [{'displayName': 'Tanun Homestay', 'uri': '//maps.google.com/maps/contrib/114338470199811199037', 'photoUri': '//lh3.googleusercontent.com/a-/ALV-UjVNfd23Ny8zhecFTXZfnEGyUYJA6YvRHULWTNvhLVUYww855_0=s100-p-k-no-mo'}]}, {'name': 'places/ChIJg0cYdz9b0i0RFwfWo6-oy9E/photos/AUGGfZnQpajMoiJU_n3Cam8dHVFT-QWPGgV8HZ1_vNt7IU-KerZ3HAVDYRZTiduiqQTi7ZfL8UrvpqTw6DuTzw1MoFAa5iOuvTMsR1NdPHI3zWhalpLTcxDCmYwGb76wOVNXROgK3MWp_KrgAvXkXmaYqR58jG1A5NGJvn7F', 'widthPx': 768, 'heightPx': 1024, 'authorAttributions': [{'displayName': 'Tanun Homestay', 'uri': '//maps.google.com/maps/contrib/114338470199811199037', 'photoUri': '//lh3.googleusercontent.com/a-/ALV-UjVNfd23Ny8zhecFTXZfnEGyUYJA6YvRHULWTNvhLVUYww855_0=s100-p-k-no-mo'}]}, {'name': 'places/ChIJg0cYdz9b0i0RFwfWo6-oy9E/photos/AUGGfZlp560nBqfenmXG4L6f5Jy1sFcWgR1g0sQ1nE8EfWc3D3SWg78RXdNjpr98RsA-gzHxcZEb3sXgQWCSoApr0-6H2cg_HotjeE12AGyS6B9AP7ilVixorxhZcQkeW0TLKKtf-g6mneJVtitiOWiZMVGUqR7Dv1A74gzY', 'widthPx': 1080, 'heightPx': 1920, 'authorAttributions': [{'displayName': 'Tanun Homestay', 'uri': '//maps.google.com/maps/contrib/114338470199811199037', 'photoUri': '//lh3.googleusercontent.com/a-/ALV-UjVNfd23Ny8zhecFTXZfnEGyUYJA6YvRHULWTNvhLVUYww855_0=s100-p-k-no-mo'}]}, {'name': 'places/ChIJg0cYdz9b0i0RFwfWo6-oy9E/photos/AUGGfZn2LKx7L_wsZNMD3u3iCqo8V8u3Wa1kWZNCSJJ8RamRS7Jb1K2IPUIpOOie5EUOc7cFA_7KonBkxlkEN1tBlvPweupBhj1OoPl-YXzF3Bhp_2xnrzE-35Is_O1mcJBHuf4wFqcou6Opz67TbFkWiI3BXo0uX34H-DB1', 'widthPx': 564, 'heightPx': 720, 'authorAttributions': [{'displayName': 'Tanun Homestay', 'uri': '//maps.google.com/maps/contrib/114338470199811199037', 'photoUri': '//lh3.googleusercontent.com/a-/ALV-UjVNfd23Ny8zhecFTXZfnEGyUYJA6YvRHULWTNvhLVUYww855_0=s100-p-k-no-mo'}]}, {'name': 'places/ChIJg0cYdz9b0i0RFwfWo6-oy9E/photos/AUGGfZlolMbPCkTScgN4u00foHN3-KqwnHqYVLTbeQlkLLzGXNBXepBmkrlMIjDB5RgwoLtQskUS1ckXecvG-tN-BKMCRwafXah3SuatytwCt75LL8lpmzuW_QXdmppr7bCS2IK_oPaEBFNXJj36TyaUaLKltGfYUd33ruR7', 'widthPx': 3024, 'heightPx': 4032, 'authorAttributions': [{'displayName': 'Solis Cieslik', 'uri': '//maps.google.com/maps/contrib/110683991649732698328', 'photoUri': '//lh3.googleusercontent.com/a-/ALV-UjW9KO1Fe5pCRdU5fX2VczDwQPS6U7mgLAKeUX6nkl1s7sv6PG8t=s100-p-k-no-mo'}]}, {'name': 'places/ChIJg0cYdz9b0i0RFwfWo6-oy9E/photos/AUGGfZnxg64mxygdUEjPy8xpLVjKy5F8o5XJdf8QKGMvBg5n8VTA61qNJFnplNdWP3TUzyjiaRam6ITukuydkypeN9GmZbhuwHLM4__K20v9uWs0FJFXFF511iSwoZRWf2r4xblNVCLZK_qusgXfi5ax54wL8Sjf2uqj6q6N', 'widthPx': 3024, 'heightPx': 4032, 'authorAttributions': [{'displayName': 'Solis Cieslik', 'uri': '//maps.google.com/maps/contrib/110683991649732698328', 'photoUri': '//lh3.googleusercontent.com/a-/ALV-UjW9KO1Fe5pCRdU5fX2VczDwQPS6U7mgLAKeUX6nkl1s7sv6PG8t=s100-p-k-no-mo'}]}, {'name': 'places/ChIJg0cYdz9b0i0RFwfWo6-oy9E/photos/AUGGfZmrINz45FWvgqE4v_pbdJ2JkiNswtPmdrurFP096TGO3ldUekp1ig4ACylJXoIgDXxw9zdGUNBTVgIm66P_Q9xdMV-4xI3Vb_QgryZzIeKqWzlRe6h-UrUGFmjf4wqxGlmL0ENTbl3aspX8aT3Js5hANM5_q-tfY70C', 'widthPx': 3024, 'heightPx': 4032, 'authorAttributions': [{'displayName': 'Solis Cieslik', 'uri': '//maps.google.com/maps/contrib/110683991649732698328', 'photoUri': '//lh3.googleusercontent.com/a-/ALV-UjW9KO1Fe5pCRdU5fX2VczDwQPS6U7mgLAKeUX6nkl1s7sv6PG8t=s100-p-k-no-mo'}]}]"
Kost Adesy,lodging,,5,"[{'name': 'places/ChIJ-3fUSPNb0i0ROJfY2nZEwfk/photos/AUGGfZmwEM33QFMX76SiINZ7ekGmVq9EhUou7xSlOfOpfZOIV4ogkUbqEmZnzLOWO8M3o82jxzZBWR4ZiyRP2ZmMTTWmtCYCfTyxmlw6HGhpnw_3mQWOj2WVGRV1hFoU6CLXgbPWDH_INBwrutKQhjhU8C38pZ594UBvrdUm', 'widthPx': 810, 'heightPx': 456, 'authorAttributions': [{'displayName': 'IKDYP', 'uri': '//maps.google.com/maps/contrib/118322535387437741618', 'photoUri': '//lh3.googleusercontent.com/a-/ALV-UjW2hAnqgFGHB3OC2ZSwrOK6Mr4r53GfKEPQExhTKd3hlyReURmhaQ=s100-p-k-no-mo'}]}, {'name': 'places/ChIJ-3fUSPNb0i0ROJfY2nZEwfk/photos/AUGGfZlg1QSOxlx_MkPA8elAclWbT6vXpUJq47V_0OorD_Cip5y01gj8o-m6UwtGaNfmvevW0C6E-XLxLtuIhdod_w8Sgzs3Q1ssxewz5u0cLszYDSrStnWn9-kYRbhgrnZyHwSE1SZW8gc9cPgNoc7b-toE73E3Rh1Fkrno', 'widthPx': 1228, 'heightPx': 727, 'authorAttributions': [{'displayName': 'IKDYP', 'uri': '//maps.google.com/maps/contrib/118322535387437741618', 'photoUri': '//lh3.googleusercontent.com/a-/ALV-UjW2hAnqgFGHB3OC2ZSwrOK6Mr4r53GfKEPQExhTKd3hlyReURmhaQ=s100-p-k-no-mo'}]}]"
Rumah Kost Rendra,lodging,,5,"[{'name': 'places/ChIJLa2khPhb0i0RraXWINo5mFI/photos/AUGGfZlqoMIMwM0Q8h7mU15rxJ0WXKugTl994nBMMAwnXCtrNaSmqTaMOQVOeCdBVCVGp0mHO8mrlPS7C24n93OCEEkX7GI1g5Yl5u2OvlHXYeDT9UQ8yewL1dbO2UVnn-XM_hhJsa2hpXQnZqkCt9lpGTbkF9WBAAf8Z0my', 'widthPx': 1600, 'heightPx': 1200, 'authorAttributions': [{'displayName': 'Rumah Kost Rendra', 'uri': '//maps.google.com/maps/contrib/107463491683933221618', 'photoUri': '//lh3.googleusercontent.com/a/ACg8ocJ_ky07slKGzucisaZbkLywm9x7sV7fR_glJ0sGLv97KEa62Q=s100-p-k-no-mo'}]}, {'name': 'places/ChIJLa2khPhb0i0RraXWINo5mFI/photos/AUGGfZkGk5JFSK5eTfUZlA3KOSlce8948kR_qiSRrbXAroX5j8d6xxN5ZYKI77o7UVzPdEdjpisegtnViXWw-9ya9nZa06mvVB80xcH7D0WnO7faE8gFlLkzQdpTT25hbYVAD_yA6GAxY8-5buRVw8BU7VbyIndy34ATkvR_', 'widthPx': 1600, 'heightPx': 1200, 'authorAttributions': [{'displayName': 'Rumah Kost Rendra', 'uri': '//maps.google.com/maps/contrib/107463491683933221618', 'photoUri': '//lh3.googleusercontent.com/a/ACg8ocJ_ky07slKGzucisaZbkLywm9x7sV7fR_glJ0sGLv97KEa62Q=s100-p-k-no-mo'}]}, {'name': 'places/ChIJLa2khPhb0i0RraXWINo5mFI/photos/AUGGfZm0YEVwbGDg_yDzeK2sx6DzBhiTUbJvSMFOW0WFAcqM5oXWQPGrJ-OUT-EgTIXU1Li3lIWzHTsQpn2pyh6l9g6_gUCxK5GXjsFvEqTUaa6z_xovDABnihitQmIki70FN-Gbc9vpH6TNXfE6aS-9ebj31bQ1KBWMF4Hq', 'widthPx': 1600, 'heightPx': 1200, 'authorAttributions': [{'displayName': 'Rumah Kost Rendra', 'uri': '//maps.google.com/maps/contrib/107463491683933221618', 'photoUri': '//lh3.googleusercontent.com/a/ACg8ocJ_ky07slKGzucisaZbkLywm9x7sV7fR_glJ0sGLv97KEa62Q=s100-p-k-no-mo'}]}, {'name': 'places/ChIJLa2khPhb0i0RraXWINo5mFI/photos/AUGGfZnZTwZ0Be972kMfxJfkn5AwGCI9fO8v4bj4uGZjXV8JMUkshM40HdAc-86zmzz6yIwrU117t2SnDVtEtQJf1__LN0Y57J85EDzfmCIuiJfKM3pLY0BxSzXvTCJzUgy_rCbA6kx0ltu4XtoYbOvqjdxzfXW7al9Mu5MW', 'widthPx': 1600, 'heightPx': 1200, 'authorAttributions': [{'displayName': 'Rumah Kost Rendra', 'uri': '//maps.google.com/maps/contrib/107463491683933221618', 'photoUri': '//lh3.googleusercontent.com/a/ACg8ocJ_ky07slKGzucisaZbkLywm9x7sV7fR_glJ0sGLv97KEa62Q=s100-p-k-no-mo'}]}, {'name': 'places/ChIJLa2khPhb0i0RraXWINo5mFI/photos/AUGGfZn9IyQeqLgqP5IuozJbKiq1XMvS16hNyHVj0Po1sI9sF4nHmDdYCRdNElIJPmOpEotOeucGiR1KeNoL2EZFXbCCecC-QI9bilB3i_pDRJG6GT_kZhtSRugWVdNtyTJVNn_0M_WgXkoeVxt50ctoVnxU7HXW1v2bdzGr', 'widthPx': 1600, 'heightPx': 1200, 'authorAttributions': [{'displayName': 'Rumah Kost Rendra', 'uri': '//maps.google.com/maps/contrib/107463491683933221618', 'photoUri': '//lh3.googleusercontent.com/a/ACg8ocJ_ky07slKGzucisaZbkLywm9x7sV7fR_glJ0sGLv97KEa62Q=s100-p-k-no-mo'}]}, {'name': 'places/ChIJLa2khPhb0i0RraXWINo5mFI/photos/AUGGfZlJXiA5xuPyGGePUUquyqUpsGdQguI8sFe87131RHv3o-NygUFUGHGUes6CXVdZYHSS351FCUtQMK3Epe6KFhjdU9FJxjMstdOhDuhkIUyGHDCcnP9ZTQ8JbOusw9hPH5DPPSuXWcL7Vjy1X3nxPQMuzPObDVvl9rst', 'widthPx': 1600, 'heightPx': 1200, 'authorAttributions': [{'displayName': 'Rumah Kost Rendra', 'uri': '//maps.google.com/maps/contrib/107463491683933221618', 'photoUri': '//lh3.googleusercontent.com/a/ACg8ocJ_ky07slKGzucisaZbkLywm9x7sV7fR_glJ0sGLv97KEa62Q=s100-p-k-no-mo'}]}]"
Il Ristorante - Luca Fantin,"italian_restaurant, restaurant, food",,4.4,"[{'name': 'places/ChIJw4qk8-la0i0Rhx0Y4tu9gkM/photos/AUGGfZm2uo1qnPWGPIKprPaHKl4rl7LvPFcZdfIQd0wV2zbPyKOe21xtw9bI5FWdVjA2-04Jlo9kGqHdGJ-D0oZrfJp5-DQhfsnagrrnANF-zKd5wzjobFnt6wRQ7xuab-g5u7UX-n_mvS0N6Rz8zddamWwFjBlM9iFsiUM_', 'widthPx': 5545, 'heightPx': 3697, 'authorAttributions': [{'displayName': 'Il Ristorante - Luca Fantin', 'uri': '//maps.google.com/maps/contrib/109029479715616364410', 'photoUri': '//lh3.googleusercontent.com/a/ACg8ocJzIB8KsJVZFX1rbqdwK47zuM55M77oZBT6t2spI4DpqMWokA=s100-p-k-no-mo'}]}, {'name': 'places/ChIJw4qk8-la0i0Rhx0Y4tu9gkM/photos/AUGGfZmU_jmcdzo9a_MG1z0vlDifGh8uK-8w9ZoccW70a-WxyPjnsvnGpXSlC_-cF4zSClrgDWBf7wxc9Rem0DNcgmi2JmGNskjwcWRhIqcSTV-gINhEdhqjzKAkJYHee2cTReJeEOtrO9dKmCqZRJ5Drl9MZGxqbBoaYwhq', 'widthPx': 6000, 'heightPx': 4000, 'authorAttributions': [{'displayName': 'Il Ristorante - Luca Fantin', 'uri': '//maps.google.com/maps/contrib/109029479715616364410', 'photoUri': '//lh3.googleusercontent.com/a/ACg8ocJzIB8KsJVZFX1rbqdwK47zuM55M77oZBT6t2spI4DpqMWokA=s100-p-k-no-mo'}]}, {'name': 'places/ChIJw4qk8-la0i0Rhx0Y4tu9gkM/photos/AUGGfZmSNbe2gnK282GcJtuGbg07GNWBG53FzRoRu3diCyK1LfHz4141cTcsddGC6OcBazYUlT3ikPwntWs8nLige7pRnhtZot_5GgCLWQT1UlcUfb2s-01W7d6kXezk7oGT-dQHJvfO_iegg3ZJI6WeZhWZtobxFf15q05B', 'widthPx': 8192, 'heightPx': 5464, 'authorAttributions': [{'displayName': 'Il Ristorante - Luca Fantin', 'uri': '//maps.google.com/maps/contrib/109029479715616364410', 'photoUri': '//lh3.googleusercontent.com/a/ACg8ocJzIB8KsJVZFX1rbqdwK47zuM55M77oZBT6t2spI4DpqMWokA=s100-p-k-no-mo'}]}, {'name': 'places/ChIJw4qk8-la0i0Rhx0Y4tu9gkM/photos/AUGGfZkAeVko5c2XUaEsJkWXNDkap6b6XYcwrJIoan5-L1iHT91gD3amvFl1_IQ6IPpIX6YIS6Xj-jZ5ORzNnMcOUDNAwUkP40EJRHYYywjyPIwRRQJxRPpGYZ8-zB_Evvi4zdieZD4WvqsZnWZM84gMpfwFo6V0Nefvn93q', 'widthPx': 3000, 'heightPx': 3000, 'authorAttributions': [{'displayName': 'S G', 'uri': '//maps.google.com/maps/contrib/115952921711854926733', 'photoUri': '//lh3.googleusercontent.com/a/ACg8ocL1egYWTBRB9ptCsnYDd3GMxLaZlPj8BO-NVSnomvkKUs3nCQ=s100-p-k-no-mo'}]}, {'name': 'places/ChIJw4qk8-la0i0Rhx0Y4tu9gkM/photos/AUGGfZk84GVkAxp_A0RsTUBA0UfV8PG_IF3VLWmEBXkmAI-oU4SdbK2iIFEyTJNMGB5XJn_NNLJRZQQDD5oQ7xAVSn351SSIsk59Fty4DaizjhdFiy8pvt561SoZFnPca8yL3wxVvvPFh3BUrjrxNVEStrb4CmT9MYRbGaL1', 'widthPx': 3000, 'heightPx': 3000, 'authorAttributions': [{'displayName': 'S G', 'uri': '//maps.google.com/maps/contrib/115952921711854926733', 'photoUri': '//lh3.googleusercontent.com/a/ACg8ocL1egYWTBRB9ptCsnYDd3GMxLaZlPj8BO-NVSnomvkKUs3nCQ=s100-p-k-no-mo'}]}, {'name': 'places/ChIJw4qk8-la0i0Rhx0Y4tu9gkM/photos/AUGGfZliMZhPy3UN0FDYJtkj6T8hoNaYl9vtmtERTiR1yMj5aAPcTHQ8yClO3jJbRL5WzLU7B-dTsHXKmFQpXFW5qQ1GTKHyq-O-qEllBK6LwTyx-IesXyfU-DZIqXAF9GPyBEYj6QkOuDeTSfM0S2-q_-3IlAJoe7HiWaC3', 'widthPx': 5527, 'heightPx': 3685, 'authorAttributions': [{'displayName': 'Il Ristorante - Luca Fantin', 'uri': '//maps.google.com/maps/contrib/109029479715616364410', 'photoUri': '//lh3.googleusercontent.com/a/ACg8ocJzIB8KsJVZFX1rbqdwK47zuM55M77oZBT6t2spI4DpqMWokA=s100-p-k-no-mo'}]}, {'name': 'places/ChIJw4qk8-la0i0Rhx0Y4tu9gkM/photos/AUGGfZl6gvIAv36zlsST3IciIkDPwqIrPzPaqXSeAUbS3511CsOgzMgRmj1dJng4uqqT8SA7Hfzox2-X4TC04ITu_e2J-KJ6OXivZkCLgVGl1wQFLTBFCPHY7FDRxBGMybhkee4noT3vgijro-UWlTuPm6ltdXrpriOveDdU', 'widthPx': 5238, 'heightPx': 3492, 'authorAttributions': [{'displayName': 'Il Ristorante - Luca Fantin', 'uri': '//maps.google.com/maps/contrib/109029479715616364410', 'photoUri': '//lh3.googleusercontent.com/a/ACg8ocJzIB8KsJVZFX1rbqdwK47zuM55M77oZBT6t2spI4DpqMWokA=s100-p-k-no-mo'}]}, {'name': 'places/ChIJw4qk8-la0i0Rhx0Y4tu9gkM/photos/AUGGfZnaLhaeWwvvU52XXXyv2-noTyNIfpvOZ00YJj1-wIC76ahkq475TPonmcxVyIhisZMFhFyTXCizr8oZup6qzTvNazwRdRQL69B_x4_ef8Aq1ncHrl-fKViZmjEXl8oUDebw7rRXRgWWp0B23w-OxxlKUwfqr2LmfCij', 'widthPx': 3000, 'heightPx': 3000, 'authorAttributions': [{'displayName': 'S G', 'uri': '//maps.google.com/maps/contrib/115952921711854926733', 'photoUri': '//lh3.googleusercontent.com/a/ACg8ocL1egYWTBRB9ptCsnYDd3GMxLaZlPj8BO-NVSnomvkKUs3nCQ=s100-p-k-no-mo'}]}, {'name': 'places/ChIJw4qk8-la0i0Rhx0Y4tu9gkM/photos/AUGGfZmqB1JIWQ5ogfZpasPdsU0xKjg2_4IJ52GwR1jmHUq_VkFzr93yX4uPGNKWhBbdNMBC3MpB85AXx-08avNq0bVPRZe6SpIKxQCcFcxy1YEl29QUncmrpvhr_X3lQIZgkh8948ylK1xGTz-r5mqnTOSG161Q0OFTtg3_', 'widthPx': 6000, 'heightPx': 4000, 'authorAttributions': [{'displayName': 'Il Ristorante - Luca Fantin', 'uri': '//maps.google.com/maps/contrib/109029479715616364410', 'photoUri': '//lh3.googleusercontent.com/a/ACg8ocJzIB8KsJVZFX1rbqdwK47zuM55M77oZBT6t2spI4DpqMWokA=s100-p-k-no-mo'}]}, {'name': 'places/ChIJw4qk8-la0i0Rhx0Y4tu9gkM/photos/AUGGfZkT-pJPaKEYL4v7SlXLoJvx_TvZEDO7JN6TyG_Re0LdTXkaa3hSRqyt1xsodycTI2b45dM6qlW94SRwFGBZXFy3lwMUmm8hrMe2D5pGiXW-JTkCwMI5_dEN6IaYAv3lGTIb9EjMRytZyfEtRr4PHps_kkps96An7TbQ', 'widthPx': 6000, 'heightPx': 4000, 'authorAttributions': [{'displayName': 'Il Ristorante - Luca Fantin', 'uri': '//maps.google.com/maps/contrib/109029479715616364410', 'photoUri': '//lh3.googleusercontent.com/a/ACg8ocJzIB8KsJVZFX1rbqdwK47zuM55M77oZBT6t2spI4DpqMWokA=s100-p-k-no-mo'}]}]"
Pamaya Guest House,"guest_house, lodging",,5,"[{'name': 'places/ChIJD10PKzRb0i0R8iDZrx_imz4/photos/AUGGfZntlVSvZHKX0KaI2kn4pq2AZ4sndUXbqX8gAwpMOQw7jOA2m4YFn-NN7S45Wm_HAu5KvZctF74kCDzMltle-2vxEn123pV-4O9WO9IIPy2dg67f7Wah6lY9AAzG8yGAL6g3RUjYKKf-QHEfJwbFIFwNCafPtdJbQWAj', 'widthPx': 4624, 'heightPx': 2604, 'authorAttributions': [{'displayName': 'Pamaya Guest House', 'uri': '//maps.google.com/maps/contrib/104943046018591848085', 'photoUri': '//lh3.googleusercontent.com/a/ACg8ocJNhrHzfeC5nFr8RY_BzKshcmMsAJxym5PMEQ9yagvdPU5S6g=s100-p-k-no-mo'}]}, {'name': 'places/ChIJD10PKzRb0i0R8iDZrx_imz4/photos/AUGGfZmXGraIpWxN5Ecmy5lR8sXiC1TqgK1uNzHNR4nglSr_-jYPb8byR1MRIo937ZsVA5s35HDKEKVTMSWHFyBF9UddqhLorUidU4aysg0cT3BCFutZUTKB26TC6B2xRa1k-cUH8RnkWIJOaL-NTsuD5-j4uCdsFtdobPO9', 'widthPx': 4624, 'heightPx': 2604, 'authorAttributions': [{'displayName': 'Pamaya Guest House', 'uri': '//maps.google.com/maps/contrib/104943046018591848085', 'photoUri': '//lh3.googleusercontent.com/a/ACg8ocJNhrHzfeC5nFr8RY_BzKshcmMsAJxym5PMEQ9yagvdPU5S6g=s100-p-k-no-mo'}]}, {'name': 'places/ChIJD10PKzRb0i0R8iDZrx_imz4/photos/AUGGfZmtVLJaRyAYBh1Zeg_YyF8ATxIQEFjqKlI7LYNOv6-KA9OFxgN6tw9Vze-cyqTcm9bryRGoAJ2QMGzNICGzbz1d_pj5tZs_m2wHUjtiBhHf2wyRSvHV2_8V5bKuhIQMSsS_ZjgSNG2HMGpIwChqu82_ZvXcZEpf2-Kg', 'widthPx': 3280, 'heightPx': 1848, 'authorAttributions': [{'displayName': 'Pamaya Guest House', 'uri': '//maps.google.com/maps/contrib/104943046018591848085', 'photoUri': '//lh3.googleusercontent.com/a/ACg8ocJNhrHzfeC5nFr8RY_BzKshcmMsAJxym5PMEQ9yagvdPU5S6g=s100-p-k-no-mo'}]}, {'name': 'places/ChIJD10PKzRb0i0R8iDZrx_imz4/photos/AUGGfZnPzomd_gVTe6_zkJuFNCsflcXTLBf5tKa6WHw6ZtHHzO2-GKtlh85IcBO63SW9eHrx4QTbmgsQjoFl5NJ36DvonSuejNKa7B8cPr3-onXGkyrIR3a39xWmku5droI7PnrzDfy7ZYmk2gXCUvTzd4a1fsM0ocKTrmRk', 'widthPx': 4624, 'heightPx': 2604, 'authorAttributions': [{'displayName': 'Pamaya Guest House', 'uri': '//maps.google.com/maps/contrib/104943046018591848085', 'photoUri': '//lh3.googleusercontent.com/a/ACg8ocJNhrHzfeC5nFr8RY_BzKshcmMsAJxym5PMEQ9yagvdPU5S6g=s100-p-k-no-mo'}]}, {'name': 'places/ChIJD10PKzRb0i0R8iDZrx_imz4/photos/AUGGfZkbKIgejqpeKjdP7YnXUX4Z5e3lgAO2XxzAanlEqkmKPcCXL3to4mBQOt9GAziUKQIk7rylHQnPlH6NjlxmVaSFNGfEapF-nDoY2AePtXs7nU6obDM2ZaXi5giSWI_n95ZWX7si-by-qwquk5DEBNZl8kwfnyGMLbKG', 'widthPx': 1918, 'heightPx': 844, 'authorAttributions': [{'displayName': 'Pamaya Guest House', 'uri': '//maps.google.com/maps/contrib/104943046018591848085', 'photoUri': '//lh3.googleusercontent.com/a/ACg8ocJNhrHzfeC5nFr8RY_BzKshcmMsAJxym5PMEQ9yagvdPU5S6g=s100-p-k-no-mo'}]}, {'name': 'places/ChIJD10PKzRb0i0R8iDZrx_imz4/photos/AUGGfZmFjl6I69j1m_1MwKEMhAV5wjBMvhGfW93o9sUYZ20IfZjzt2KBQewzEAWXgh5XmgqZw7ziBeC2100sbYwvb2czYyU6v-e_F8IfNt0VuxJwCSZhDf4lrH6vJUa15SFnX6qzB93UyXhmv8Y-1xQwsHL12TyJ5MggLe-j', 'widthPx': 4624, 'heightPx': 2604, 'authorAttributions': [{'displayName': 'Pamaya Guest House', 'uri': '//maps.google.com/maps/contrib/104943046018591848085', 'photoUri': '//lh3.googleusercontent.com/a/ACg8ocJNhrHzfeC5nFr8RY_BzKshcmMsAJxym5PMEQ9yagvdPU5S6g=s100-p-k-no-mo'}]}, {'name': 'places/ChIJD10PKzRb0i0R8iDZrx_imz4/photos/AUGGfZmsGPmJp0wNw-vSlGFdFcyBBXqzpkbX7mcvEDdnWSxAn4gAA2aVsGPM00ZQU1A4IWjNjFRNXnm30K3fVqlbSoQb6-_5noxYZjPBwuygqP9Ko_GFKJAweosjCc9nQ2v6di27D70XTcwqfB5U8-4Q1_YDN7mR3124BOIt', 'widthPx': 3472, 'heightPx': 4624, 'authorAttributions': [{'displayName': 'adi astawa', 'uri': '//maps.google.com/maps/contrib/116056690010771245357', 'photoUri': '//lh3.googleusercontent.com/a/ACg8ocK_LM3AJFRQ-hWwTQCPvKEBI3smw3ApVjfqIQmaJ3DFeWjyxQ=s100-p-k-no-mo'}]}]"
The Mansion at Bulgari Resort Bali,"resort_hotel, hotel, lodging",,5,"[{'name': 'places/ChIJ3zEwC2Rb0i0RaIwKIQJOMjg/photos/AUGGfZn4Vlypq9vClGbBj1wPAPJFROcBI3cHt46508Q7fVxsFfedsDUbnFcfvEnrsLKRgoZT-9Z5N8Ikbgxt0SY-Wb4yYXz3ZzGPI7x00zW1WeA1xI0Mqi9ThUxYc2F3XwhyO31hdzahJSwNgJqduiCR6xWNV5bxXVgGerVp', 'widthPx': 4272, 'heightPx': 2856, 'authorAttributions': [{'displayName': 'Ami', 'uri': '//maps.google.com/maps/contrib/105825467008347536234', 'photoUri': '//lh3.googleusercontent.com/a/ACg8ocI_-wKDaAPZhXOnbamZdJIXM_b4iVBNBXfct9syQ9XH5RXl0pY=s100-p-k-no-mo'}]}, {'name': 'places/ChIJ3zEwC2Rb0i0RaIwKIQJOMjg/photos/AUGGfZkXQhAGC-Lk6XJXhn5iYCyPEIx29IYCq8UzCEeQIaU5-vOIEmeKYVcBl_YtU_mhPnMrjkg-yh8FN1C1AZTBz_Vzz_xo2fWVKqxSoZ9_q9UlHEiNBhhlxq51aYlQOjptqGas-dBq0QzpqyOK4mHoyi0x9Koea8MPi-3L', 'widthPx': 4032, 'heightPx': 3024, 'authorAttributions': [{'displayName': 'Neko Neko', 'uri': '//maps.google.com/maps/contrib/115196330190851576127', 'photoUri': '//lh3.googleusercontent.com/a-/ALV-UjW6XeQ3zlQ4dgKWQZBdA6pTZDH2iZeKa4zVrJF6_LMNMh3avGxGNg=s100-p-k-no-mo'}]}, {'name': 'places/ChIJ3zEwC2Rb0i0RaIwKIQJOMjg/photos/AUGGfZmE-kaB92GrywjFMCzwShS37Sl_CtqN2N0qyTpbVgGI8jcVr1dKmfRV085RbZfYx2VPxI8434WTQJETmxXkwIjvueNxDuSjBYfnQLnvkGubhPMhS-VaIsej7zHfkSuahvNUBSO11t34vCyoVsrbRHbIVFNNyRdi7pVh', 'widthPx': 4032, 'heightPx': 3024, 'authorAttributions': [{'displayName': 'Neko Neko', 'uri': '//maps.google.com/maps/contrib/115196330190851576127', 'photoUri': '//lh3.googleusercontent.com/a-/ALV-UjW6XeQ3zlQ4dgKWQZBdA6pTZDH2iZeKa4zVrJF6_LMNMh3avGxGNg=s100-p-k-no-mo'}]}, {'name': 'places/ChIJ3zEwC2Rb0i0RaIwKIQJOMjg/photos/AUGGfZn9J77jMjBNUgPnY_Az_EH0ltPz5gaQ_rb6WBYekZJ0m5KX2tvZMXz4JjxNqB9GYb0lzdP2aIp7IPMhOrjOsTvt-OC-_He2ZnfOLQAKRwnqm5eL7hrtxkSVJmGoUAmH5DL0XEFFzjeaYEgUVVWFzpShHKZfzXqTBXoe', 'widthPx': 4272, 'heightPx': 2856, 'authorAttributions': [{'displayName': 'Ami', 'uri': '//maps.google.com/maps/contrib/105825467008347536234', 'photoUri': '//lh3.googleusercontent.com/a/ACg8ocI_-wKDaAPZhXOnbamZdJIXM_b4iVBNBXfct9syQ9XH5RXl0pY=s100-p-k-no-mo'}]}, {'name': 'places/ChIJ3zEwC2Rb0i0RaIwKIQJOMjg/photos/AUGGfZmoBy7poE7JK85QznkBtzPkfEnXyaw58c4lNBFzBvs0w3hmEWcUZVsrXNqNAgbpAv468akUVz0zF-5ydQ33Vco-cjwErunxsA0y1Z-LIi1eJ-yCTQEA4eJVo_hHj9krncAxhQENKn2dTkuGowVTdc8SnmsNpHzHSekP', 'widthPx': 4032, 'heightPx': 3024, 'authorAttributions': [{'displayName': 'Neko Neko', 'uri': '//maps.google.com/maps/contrib/115196330190851576127', 'photoUri': '//lh3.googleusercontent.com/a-/ALV-UjW6XeQ3zlQ4dgKWQZBdA6pTZDH2iZeKa4zVrJF6_LMNMh3avGxGNg=s100-p-k-no-mo'}]}, {'name': 'places/ChIJ3zEwC2Rb0i0RaIwKIQJOMjg/photos/AUGGfZmj2lGSrNqhr19093gjt7QW8vwV9RRFknNjVVDa_LzRg0gA6PV696bhNe0kO6Pd5pWFeczK1bz-2zyL7r-iu8UkTukcQyHHl2j_gFFs9QmxkTcaaB3tdMkRPD5g7lPggflHJXP2atIBRdYQi7igzDEQBeqI0YYMIp9z', 'widthPx': 3120, 'heightPx': 4160, 'authorAttributions': [{'displayName': 'ardita galut', 'uri': '//maps.google.com/maps/contrib/100817865028657461284', 'photoUri': '//lh3.googleusercontent.com/a-/ALV-UjVxd4Y3CwlJwwRehN1HnHKFLjkaULmnG8W2FH65jqeyyjeSOIk=s100-p-k-no-mo'}]}, {'name': 'places/ChIJ3zEwC2Rb0i0RaIwKIQJOMjg/photos/AUGGfZmqo6vc2LJUt6IH3_PXqbStgl_YlUXoucnjqo6drDVBCpFsmkV5AfyR35VhDGT8t9sHD7-sq8W-Q4_vyHYbRoEDRBBSweGV1xQOULMYtkYSbjVIzfdRjsClrC4fupmzWlYmeBgx26mCkHmiLuCa0BIGqJu7L6y3_XcX', 'widthPx': 4160, 'heightPx': 3120, 'authorAttributions': [{'displayName': 'Екатерина Брестовицкая', 'uri': '//maps.google.com/maps/contrib/103943443409029740123', 'photoUri': '//lh3.googleusercontent.com/a-/ALV-UjVqRrgKQ58JrZN2r_uJhfKt20AxrBoC6mXOi1ukujI-ojNzGGI=s100-p-k-no-mo'}]}, {'name': 'places/ChIJ3zEwC2Rb0i0RaIwKIQJOMjg/photos/AUGGfZmsnzWbS0Z1zHWWSeGcnabSKhcsnO2ctEigSe6Faid8M19FM1oM7I6IzmgIBsoukunX3ETkZwE6UMfoVF7YGU_FbuNyBpdlvN-qo3rXbKcnCzd7bbnyyRNNAKzgRkEJYEkv6rxri54nzRq656X7Jwy--RQx5bOHUiDH', 'widthPx': 1440, 'heightPx': 960, 'authorAttributions': [{'displayName': 'Angga Adhitya', 'uri': '//maps.google.com/maps/contrib/115128836798353358368', 'photoUri': '//lh3.googleusercontent.com/a-/ALV-UjUylQ9-nwzKLKkjlFPEJTHw6lYNq0ZX8_h45JMxT4kQjTaDikB5=s100-p-k-no-mo'}]}, {'name': 'places/ChIJ3zEwC2Rb0i0RaIwKIQJOMjg/photos/AUGGfZmGQBY_5tXl88uVkhDSrguURWz-Arria29VNvKsYc45S4JADPPejyZj_wkNTP4eE03VzPjcd4eKhKwiz6h1cTSDHUDi_KqPV4DWsG_5I1zVIqrU60qXaUnLSJCODMhROoEzQLugHnfNvBs0S-9pKDy4TbmSRtL2Bfr0', 'widthPx': 4272, 'heightPx': 2856, 'authorAttributions': [{'displayName': 'Ami', 'uri': '//maps.google.com/maps/contrib/105825467008347536234', 'photoUri': '//lh3.googleusercontent.com/a/ACg8ocI_-wKDaAPZhXOnbamZdJIXM_b4iVBNBXfct9syQ9XH5RXl0pY=s100-p-k-no-mo'}]}, {'name': 'places/ChIJ3zEwC2Rb0i0RaIwKIQJOMjg/photos/AUGGfZnfI9d9kBT8q38-enj1NvbQTvW-R8ThfeM2voRCnJJMoCb6KdH_lfomnEKxe1tASV_XaURgbE7Rz65VK17QTQQ27szl85fs0cZAuD-rt3265mNx7Cr-V97f9RGH7jHtsK0p2XUBKKHNFKWNmA62ec7qVdzeQCBpVkgA', 'widthPx': 4272, 'heightPx': 2856, 'authorAttributions': [{'displayName': 'Ami', 'uri': '//maps.google.com/maps/contrib/105825467008347536234', 'photoUri': '//lh3.googleusercontent.com/a/ACg8ocI_-wKDaAPZhXOnbamZdJIXM_b4iVBNBXfct9syQ9XH5RXl0pY=s100-p-k-no-mo'}]}]"
Kedai sae,"indonesian_restaurant, restaurant, food",,4,"[{'name': 'places/ChIJ57vaoClb0i0RnpHdrytIZus/photos/AUGGfZlGTIHafDzWw8OyLvqSh9jORKY5Ajj22fAICwgnTWXjydZTBodWuqBOmr19p6K93NvmN6mFBZN766NSE40_eGFfOIv-M2GfLEmkg5OfkGeZYpeTQj2LRaGF6_l-pDqtJcyRXFLf1xtTMOKPEZphfbG9wpfACyP5ru62', 'widthPx': 1026, 'heightPx': 1074, 'authorAttributions': [{'displayName': 'Kedai sae', 'uri': '//maps.google.com/maps/contrib/100215002922102538398', 'photoUri': '//lh3.googleusercontent.com/a/ACg8ocL_dNj84FAJSpP317bxNuIEcmmN0_N7rKbC9yZGot8oV1H3dw=s100-p-k-no-mo'}]}, {'name': 'places/ChIJ57vaoClb0i0RnpHdrytIZus/photos/AUGGfZmsY3UrObD2E7kV_Oxntzbrs2G8sW71zsWMnGsiPF3c3YvUvCZU_8cLEhNRggF-Wh7TuVb-cEGPZ9BsR3m1FfYyu958-xJapYgF1Z9mZ5nSgqc_e_2xo0yO6iUPZxoXhlqdYew7a6WQ4CWj3oGO1LjoDGahxqpMzbuI', 'widthPx': 760, 'heightPx': 760, 'authorAttributions': [{'displayName': 'Kedai sae', 'uri': '//maps.google.com/maps/contrib/100215002922102538398', 'photoUri': '//lh3.googleusercontent.com/a/ACg8ocL_dNj84FAJSpP317bxNuIEcmmN0_N7rKbC9yZGot8oV1H3dw=s100-p-k-no-mo'}]}, {'name': 'places/ChIJ57vaoClb0i0RnpHdrytIZus/photos/AUGGfZnRkFrZikrb1Hybfotwqm2u7dIw31BfE9BA2aGzZsr3du6roQiwf1nAqYvSOifHFuBGrf0AC7C2dIUPA_PC0GFx8mzSq0cQ1xYY8-SvnoUwjh79KwwnxDtDUl6NJ0-XbuXVV6ev0lhkFCbfYQN-jTeXqEeYzHm2TA0X', 'widthPx': 931, 'heightPx': 931, 'authorAttributions': [{'displayName': 'Kedai sae', 'uri': '//maps.google.com/maps/contrib/100215002922102538398', 'photoUri': '//lh3.googleusercontent.com/a/ACg8ocL_dNj84FAJSpP317bxNuIEcmmN0_N7rKbC9yZGot8oV1H3dw=s100-p-k-no-mo'}]}, {'name': 'places/ChIJ57vaoClb0i0RnpHdrytIZus/photos/AUGGfZnll3e6UeNZnOLScNeLWzk5oZHVrhj5eUe5cIc8qO7m9S_m6l7qjkQmuH4qtbqhtxiiNdMi9D-eVa3YB0-6L-P0vANgQGP0gYUsnUQLkNszLMp4gxE113LIIauzEdz0ayiCsnXde2CGalOGpm16rUpt9NXiswRNjXpN', 'widthPx': 720, 'heightPx': 720, 'authorAttributions': [{'displayName': 'Kedai sae', 'uri': '//maps.google.com/maps/contrib/100215002922102538398', 'photoUri': '//lh3.googleusercontent.com/a/ACg8ocL_dNj84FAJSpP317bxNuIEcmmN0_N7rKbC9yZGot8oV1H3dw=s100-p-k-no-mo'}]}, {'name': 'places/ChIJ57vaoClb0i0RnpHdrytIZus/photos/AUGGfZkFLgEBoof_cXRFf1lFJrpginZYxCSeyG_zfTDUaX9L1YLqJoVSYG_2rGEdCrppalj995S44djA2AGW6vNzb1l2jLfThCGoG5CQqNcfOSM2CeNZgERSQuKwCk57xd0Zu1C1iL4Oe8u_k1O_ZUn5BKFUD3EKQSNZuNyX', 'widthPx': 390, 'heightPx': 390, 'authorAttributions': [{'displayName': 'Kedai sae', 'uri': '//maps.google.com/maps/contrib/100215002922102538398', 'photoUri': '//lh3.googleusercontent.com/a/ACg8ocL_dNj84FAJSpP317bxNuIEcmmN0_N7rKbC9yZGot8oV1H3dw=s100-p-k-no-mo'}]}, {'name': 'places/ChIJ57vaoClb0i0RnpHdrytIZus/photos/AUGGfZm_qdupLKrmL3_g4tstUOY99Pxznb5agkxaRvDAgErJb5P_cHuU_zhLkyRpYWs6yHILepm8M6onnbrwKXzuAs9_YkndiHJF1ytJ7WOspzEDmY_8TJbXJlZEiifbFEDBvae9qNFGrGyrMUbdOcCNp0Guop-Qs_eT9wiD', 'widthPx': 720, 'heightPx': 720, 'authorAttributions': [{'displayName': 'Kedai sae', 'uri': '//maps.google.com/maps/contrib/100215002922102538398', 'photoUri': '//lh3.googleusercontent.com/a/ACg8ocL_dNj84FAJSpP317bxNuIEcmmN0_N7rKbC9yZGot8oV1H3dw=s100-p-k-no-mo'}]}, {'name': 'places/ChIJ57vaoClb0i0RnpHdrytIZus/photos/AUGGfZkIyhZld74hga5ogG0BeF0AeEzK3vLl8wAqBqJ1ovSZMAUcsQeE3pf-iFWUlZqCtysDs0238FYaMlfFGYmXrYVOOmf8bL2NPIXPHeCapiDp0BPUH04Bn5QRdje9nPGj_F_MaR0p-DRo0qYJZ0NFV2QUB0D-Cx_UvpHN', 'widthPx': 790, 'heightPx': 1074, 'authorAttributions': [{'displayName': 'Kedai sae', 'uri': '//maps.google.com/maps/contrib/100215002922102538398', 'photoUri': '//lh3.googleusercontent.com/a/ACg8ocL_dNj84FAJSpP317bxNuIEcmmN0_N7rKbC9yZGot8oV1H3dw=s100-p-k-no-mo'}]}, {'name': 'places/ChIJ57vaoClb0i0RnpHdrytIZus/photos/AUGGfZkrYiNEvZ_VGzp2fmkzcKtCvx4Uy_QLxmEd0OubZOvHsIlxxgjAPzlcBpdA9LCUpdXb-lPh4ucSsQyt3jU92dD8Io5akCmyUqeSFCfvkgM8sUwam8jE-EHvxUr9Jfl3kKFaB2j2jJqme4BWdleyqh5ZJDCaTj_UStjr', 'widthPx': 1071, 'heightPx': 1071, 'authorAttributions': [{'displayName': 'Kedai sae', 'uri': '//maps.google.com/maps/contrib/100215002922102538398', 'photoUri': '//lh3.googleusercontent.com/a/ACg8ocL_dNj84FAJSpP317bxNuIEcmmN0_N7rKbC9yZGot8oV1H3dw=s100-p-k-no-mo'}]}]"
"""DE KUBU MADE BROWNIE""","private_guest_room, lodging",,5,"[{'name': 'places/ChIJnYAV2l5b0i0RMXJrhyRFYPw/photos/AUGGfZnbF-SuT6NIMnA-ouwVJQP9k5L8iZ39i6AYMbjAucurorMR3JiS4OEI40aGuIlNLWGjokWKQISOCWRgKhdLRE2UG9KYEFZ7Ohi7BGWUxwYd_OsXl5Kzwnj_eZLKcDzZdAYvVnHbQq68g8A8Q7I_dgBUilYoNQachPre', 'widthPx': 4624, 'heightPx': 3468, 'authorAttributions': [{'displayName': '""DE KUBU MADE BROWNIE""', 'uri': '//maps.google.com/maps/contrib/115461571659187597845', 'photoUri': '//lh3.googleusercontent.com/a/ACg8ocLy9m3obhnVIobE01GPF9lzQkyRfn9AKRi7C-IqVTPykd9aLg=s100-p-k-no-mo'}]}, {'name': 'places/ChIJnYAV2l5b0i0RMXJrhyRFYPw/photos/AUGGfZlPxhWk3h81ZBccSh3M5_srVSNSZfTkVbn7PzH05HSdY8nfyX8-yZc6Kfs6D4ibhnO-X51BhhrvPlAdY-RA0DP-V4fdrFIy1m72EfmBLR6K8rGrBheihfTI0GjTuYmb87Cf-6LDc5IspNirYfkdq2vKsCW39LCFVI-p', 'widthPx': 1080, 'heightPx': 725, 'authorAttributions': [{'displayName': 'Made Made', 'uri': '//maps.google.com/maps/contrib/102324595249685816397', 'photoUri': '//lh3.googleusercontent.com/a/ACg8ocIR8YnTlFeYQV7prsNZFsjAojJHCOda-a6-iXlKjqXNzI7Cp7JL=s100-p-k-no-mo'}]}, {'name': 'places/ChIJnYAV2l5b0i0RMXJrhyRFYPw/photos/AUGGfZnVmpWOHpdHNcKa8-bwylsBzOYQKQGx5xHN9sDNunzVVmsq4FCinRmMB0IcIcPdzWEHfgjAccBKCZahYEvqdmeEXAfjBDOi35_7iajjecPNSxeHgfXmX4T8SrhS8oQBsd0m4VolGqJ9DogB9gmmNsfBWn9ex99lX7D4', 'widthPx': 1072, 'heightPx': 719, 'authorAttributions': [{'displayName': 'Made Made', 'uri': '//maps.google.com/maps/contrib/102324595249685816397', 'photoUri': '//lh3.googleusercontent.com/a/ACg8ocIR8YnTlFeYQV7prsNZFsjAojJHCOda-a6-iXlKjqXNzI7Cp7JL=s100-p-k-no-mo'}]}, {'name': 'places/ChIJnYAV2l5b0i0RMXJrhyRFYPw/photos/AUGGfZk0NgIggQ2re9dD2tEzzEoFRtaWuuP5ayYJxdFyc3KNlPoSM9QHJj8iKNI9evRV158CUjtMD_x79VGyYmth1moH-J1tK-3pFVGIw-RzKD-EVNX1YHPOTAnAxc37fTYSMOGNsSIWUvN9zvMjfAMP5_ZAv5bcq4fs7pmA', 'widthPx': 3456, 'heightPx': 4608, 'authorAttributions': [{'displayName': '""DE KUBU MADE BROWNIE""', 'uri': '//maps.google.com/maps/contrib/115461571659187597845', 'photoUri': '//lh3.googleusercontent.com/a/ACg8ocLy9m3obhnVIobE01GPF9lzQkyRfn9AKRi7C-IqVTPykd9aLg=s100-p-k-no-mo'}]}, {'name': 'places/ChIJnYAV2l5b0i0RMXJrhyRFYPw/photos/AUGGfZnKuGh0WywqfB78mPTKftH1oER8CgGy-5ivMeh-wROETKSgWtIUmDh-46PVixs4eqAkKgFhMAYpXMK8F4DdVSaKlRlIh_9569swwdD9nwURyYfI2jt8DK49zoBGC-ayAh9Twvuc5A5Z_DJFBlkuWPdhUHtPaNWnk6Ls', 'widthPx': 1080, 'heightPx': 1920, 'authorAttributions': [{'displayName': '""DE KUBU MADE BROWNIE""', 'uri': '//maps.google.com/maps/contrib/115461571659187597845', 'photoUri': '//lh3.googleusercontent.com/a/ACg8ocLy9m3obhnVIobE01GPF9lzQkyRfn9AKRi7C-IqVTPykd9aLg=s100-p-k-no-mo'}]}, {'name': 'places/ChIJnYAV2l5b0i0RMXJrhyRFYPw/photos/AUGGfZl0gfwaQy0wzzPVjGWYXpwLtSG-Wj5XVE_1gOfH42wHM_SgJPOPomS2_7wYORZ3p2xRnYUF3FWWKGaklDKmC7eP2B51ytxWo-3xHA6Iyd0lVZzB5S0ZlBYwNGhpt_GtL0DTXB9bmLbTqvQcigARh9x_JjRVp0I8IpJF', 'widthPx': 1080, 'heightPx': 1330, 'authorAttributions': [{'displayName': '""DE KUBU MADE BROWNIE""', 'uri': '//maps.google.com/maps/contrib/115461571659187597845', 'photoUri': '//lh3.googleusercontent.com/a/ACg8ocLy9m3obhnVIobE01GPF9lzQkyRfn9AKRi7C-IqVTPykd9aLg=s100-p-k-no-mo'}]}, {'name': 'places/ChIJnYAV2l5b0i0RMXJrhyRFYPw/photos/AUGGfZl8LaXdmPcxmDn5cLYcMp0gYt_WAjk7vjEfH9HbmsUmgwe70cRh_GHG7k4qclyStxtUKkuIS4-lu67ubj4Z7_GtMKsjMe8HkkqrcE0UBS2Kp4nZSCU1zlleBNI835oTtFJM887QS1nNz_lUAlgmPUSHAoQ5Wq9e62fa', 'widthPx': 4608, 'heightPx': 3456, 'authorAttributions': [{'displayName': '""DE KUBU MADE BROWNIE""', 'uri': '//maps.google.com/maps/contrib/115461571659187597845', 'photoUri': '//lh3.googleusercontent.com/a/ACg8ocLy9m3obhnVIobE01GPF9lzQkyRfn9AKRi7C-IqVTPykd9aLg=s100-p-k-no-mo'}]}, {'name': 'places/ChIJnYAV2l5b0i0RMXJrhyRFYPw/photos/AUGGfZmQSB9F2kk_0ZsJisv4z1kFh7VMRZ6zKux9uszJd1-bRqKSpWf2shdurAoQX8TZgTh9iW0ue7X798KYdW8EqbH7UWPlbDA_OCatmABc_cdqyJy0y-dIfa5D-bA7a0ZsIV6VouaXris2gVhjgENaa5nQbpGoTu4pCFp2', 'widthPx': 3120, 'heightPx': 4160, 'authorAttributions': [{'displayName': '""DE KUBU MADE BROWNIE""', 'uri': '//maps.google.com/maps/contrib/115461571659187597845', 'photoUri': '//lh3.googleusercontent.com/a/ACg8ocLy9m3obhnVIobE01GPF9lzQkyRfn9AKRi7C-IqVTPykd9aLg=s100-p-k-no-mo'}]}, {'name': 'places/ChIJnYAV2l5b0i0RMXJrhyRFYPw/photos/AUGGfZlW1wNwd7coI5ZGPCYzgfYJREmqJ_IgRKU7GjiZeMLHBN6Dm7GVqowcYwFY8FFUIHopbBoavJwLF9INUuKZa_rnnlRHRxGzTOPZNhrLaqvFW5Wmor8bKW4mdgYSwH90KhgyuGDfPkIRz3jPzbJmutuFvK2jA4aSB_QS', 'widthPx': 3468, 'heightPx': 4624, 'authorAttributions': [{'displayName': '""DE KUBU MADE BROWNIE""', 'uri': '//maps.google.com/maps/contrib/115461571659187597845', 'photoUri': '//lh3.googleusercontent.com/a/ACg8ocLy9m3obhnVIobE01GPF9lzQkyRfn9AKRi7C-IqVTPykd9aLg=s100-p-k-no-mo'}]}, {'name': 'places/ChIJnYAV2l5b0i0RMXJrhyRFYPw/photos/AUGGfZndzVHwc9UqpsoJNBLPOQzl1ZzF7pjhA_GTRvc4U_BN9whwB4-GU0NstxxJoMsfugg4wrxTwcZ5h6VwHCbrZ0zd0BkafyNjxS_NSR1Yb07l0zP5tvEHSeZg4UIMhR1MfkDo90Z-lAVf31J6213l8BTFFvD7bXuANabD', 'widthPx': 4624, 'heightPx': 3468, 'authorAttributions': [{'displayName': '""DE KUBU MADE BROWNIE""', 'uri': '//maps.google.com/maps/contrib/115461571659187597845', 'photoUri': '//lh3.googleusercontent.com/a/ACg8ocLy9m3obhnVIobE01GPF9lzQkyRfn9AKRi7C-IqVTPykd9aLg=s100-p-k-no-mo'}]}]"
Kost Kak Oncor,lodging,,5,"[{'name': 'places/ChIJSYV-WUJb0i0R3hBX3kREjRk/photos/AUGGfZn5lliCN-XEke6CoFCfrKkg5Y6f-_Ng3sDmNmfy50rPtcCGLOqLyr6k03CLT3LnmFMxxRC-GqnkLV8DPnQQdVmbcVp7SGtG3dKJAoa-1Ml3olR8iwFS3aeyFuAAv80zGrWwvdvmTGH53fzavofKGJX989VcSyKqIK4Y', 'widthPx': 1920, 'heightPx': 1080, 'authorAttributions': [{'displayName': 'Phupuds Untrank', 'uri': '//maps.google.com/maps/contrib/101104551688626517574', 'photoUri': '//lh3.googleusercontent.com/a-/ALV-UjVlllThI5o5ZfmYpFYGr8bRd-Vs4cq-SURa0OghD_GJibEXkgPD=s100-p-k-no-mo'}]}, {'name': 'places/ChIJSYV-WUJb0i0R3hBX3kREjRk/photos/AUGGfZlBiKHkn5gdCwn8e_PYfpAADtj1CoNPPo_DlqgjHUcAXxLMCerfJCNw2H5AfbZVRh1MDx0nhul6I6M8Ku8FylLc-__ySB_Ijcm0iR38Sl4IMBUs31_S-72LtMOYktnGhWvGYFEfweksEPPDwArupWUQg5dKV0rluEFi', 'widthPx': 1080, 'heightPx': 1920, 'authorAttributions': [{'displayName': 'Kastawan I Kadek', 'uri': '//maps.google.com/maps/contrib/118290522834096872296', 'photoUri': '//lh3.googleusercontent.com/a-/ALV-UjWkuUrKTyL91sQL_zlsOg0uX3yruqWLUMISOCpqtSmsRqpiC6SnlQ=s100-p-k-no-mo'}]}]"
Phon Family,"private_guest_room, lodging",,,"[{'name': 'places/ChIJxywMhQlb0i0RvEtpN1oOm1g/photos/AUGGfZnCWCODYqHBG_bV9EmFExdK_UIinOzUiibo0WgnPOjBaYkgzW1dcLZbL91ZP2nA-KCKvDwvIXuSj6FZha7VHyN6kjZaFAZwYAjVqFdDI7T31GO98MGx80DCLR6JyxqKttZhMDgt9jbjZGMygEcALvHzkf2MiWVLLmlb', 'widthPx': 3000, 'heightPx': 4000, 'authorAttributions': [{'displayName': 'Phon Family', 'uri': '//maps.google.com/maps/contrib/117579998188368414573', 'photoUri': '//lh3.googleusercontent.com/a/ACg8ocKbhqHCNGPlZLkSBie1Rr432UPcgWDu9yOGvJivwqES3CzjAA=s100-p-k-no-mo'}]}]"
Jaya Biliyard,night_club,,3.5,
La Spiaggia,"seafood_restaurant, restaurant, food",,4.5,
Amaranth Bali,"restaurant, food",,,
Maya Rustic Homestay,lodging,,,"[{'name': 'places/ChIJN0ajXKJb0i0R6aQJ932OjUk/photos/AUGGfZnOwwTmbAVcW7z5UOh_ix8LRx24ovCe_oPMtg5TQ8jPQBiomCAVZ4zRxuJ6lkupMIZIWT9vuG47Qj70F46iPCvs0LYx5yQQ-aLwV_AWa9I1y-GQinp6Cq-7EiTUO-JfyXFLIuBsWKovlXOBPE-u2gtqN3a50zYcekEa', 'widthPx': 1600, 'heightPx': 900, 'authorAttributions': [{'displayName': 'claire Raccoon', 'uri': '//maps.google.com/maps/contrib/107298216101349848693', 'photoUri': '//lh3.googleusercontent.com/a-/ALV-UjW86jkzvVvRclUBHOG0sYYmYYRQMdiUS6TnsyM9SHWgEaZC9dA=s100-p-k-no-mo'}]}, {'name': 'places/ChIJN0ajXKJb0i0R6aQJ932OjUk/photos/AUGGfZmcidIQgOsD81_f_t6RTDQjR5AEwnukqAR0QDxoxkG20NZpjprk61GZSf3om-aCPdIm4s7-715jTMdkKxNDpYM44MW1e7zPeIrjElQ3UFPx9rRdSvc-_OvSICNS6TgWb1lt0mNroO_2Pc5MINfgPPFjKGFoNgDItfMx', 'widthPx': 1600, 'heightPx': 900, 'authorAttributions': [{'displayName': 'claire Raccoon', 'uri': '//maps.google.com/maps/contrib/107298216101349848693', 'photoUri': '//lh3.googleusercontent.com/a-/ALV-UjW86jkzvVvRclUBHOG0sYYmYYRQMdiUS6TnsyM9SHWgEaZC9dA=s100-p-k-no-mo'}]}, {'name': 'places/ChIJN0ajXKJb0i0R6aQJ932OjUk/photos/AUGGfZnaxRIGIXoKbvJjB8EhW59KoPEr351VQFEJhgKNanrMJsIKB5AKb_e6B5wLzLUzysKqZwOm2YsDUQVR94RF113st_eR_jXeWTni9YPOFjOtQbf2xacmlzS2pFNp4kMbszo-SlkdXlQkQuHKBKciqmdLcHO2YyciuSYZ', 'widthPx': 3024, 'heightPx': 4032, 'authorAttributions': [{'displayName': 'claire Raccoon', 'uri': '//maps.google.com/maps/contrib/107298216101349848693', 'photoUri': '//lh3.googleusercontent.com/a-/ALV-UjW86jkzvVvRclUBHOG0sYYmYYRQMdiUS6TnsyM9SHWgEaZC9dA=s100-p-k-no-mo'}]}]"
WARUNG POJOK 27 ( PORK SATAY ),"indonesian_restaurant, restaurant, food",,,"[{'name': 'places/ChIJ0SEVft9b0i0R1aQagnUnHt4/photos/AUGGfZmOeFCCuFDrojluG9IE2wwlbTAgm7DsZF2rXP2I33fKIwf7IwYTOmgqkkm6FgkCdeJManldyg1u3z8tGlIlUCWlPy6JVdYDCOtjKtZwzLPfFCXh8d6OZ_6v4yeS3ehmv6QD1vcWSRNzUN0CYGQOMXWyP7zqAdbBxlh5', 'widthPx': 720, 'heightPx': 908, 'authorAttributions': [{'displayName': 'I wayan Putra ardana', 'uri': '//maps.google.com/maps/contrib/115310245916859504297', 'photoUri': '//lh3.googleusercontent.com/a-/ALV-UjUvIGlGjtWyfjztLjXkPZEkFpV9S9Tj9SWUkbOKrqlqKHqvpVBz=s100-p-k-no-mo'}]}]"
BUDI HOME,"bed_and_breakfast, lodging",,4.2,
